Id,Label,Definition,Status,Status Modified,Notation
1,Sulphur dioxide (air),SO2 - recommended unit: µg/m3,Valid,20.09.2013,SO2
3,Strong acidity (air),SA - recommended unit: µg SO2/m3,Valid,20.09.2013,SA
4,Total suspended particulates (aerosol),SPM - recommended unit: µg/m3,Valid,20.09.2013,SPM
5,Particulate matter < 10 µm (aerosol),PM10 - recommended unit: µg/m3,Valid,20.09.2013,PM10
6,Black smoke (air),BS - recommended unit: µg/m3,Valid,20.09.2013,BS
7,Ozone (air),O3 - recommended unit: µg/m3,Valid,20.09.2013,O3
8,Nitrogen dioxide (air),NO2 - recommended unit: µg/m3,Valid,20.09.2013,NO2
9,Nitrogen oxides (air),NOX as NO2 - recommended unit: µg/m3,Valid,20.09.2013,NOX as NO2
10,Carbon monoxide (air),CO - recommended unit: mg/m3,Valid,20.09.2013,CO
11,Hydrogen sulphide (air),H2S - recommended unit: µg/m3,Valid,20.09.2013,H2S
12,Lead (aerosol),Pb - recommended unit: µg/m3,Valid,20.09.2013,Pb
13,Mercury (aerosol),Hg - recommended unit: ng/m3,Valid,20.09.2013,Hg
14,Cadmium (aerosol),Cd - recommended unit: ng/m3,Valid,20.09.2013,Cd
15,Nickel (aerosol),Ni - recommended unit: ng/m3,Valid,20.09.2013,Ni
16,Chromium (aerosol),Cr - recommended unit: ng/m3,Valid,20.09.2013,Cr
17,Manganese (aerosol),Mn - recommended unit: ng/m3,Valid,20.09.2013,Mn
18,Arsenic (aerosol),As - recommended unit: ng/m3,Valid,20.09.2013,As
19,Carbon disulphide (air),CS2 - recommended unit: µg/m3,Valid,20.09.2013,CS2
20,Benzene (air),C6H6 - recommended unit: µg/m3,Valid,20.09.2013,C6H6
21,Toluene (air),C6H5-CH3 - recommended unit: µg/m3,Valid,20.09.2013,C6H5-CH3
22,Styrene (air),C6H5-CH=CH2 - recommended unit: µg/m3,Valid,20.09.2013,C6H5-CH=CH2
23,Acrylonitrile (air),CH2=CH-CN - recommended unit: µg/m3,Valid,20.09.2013,CH2=CH-CN
24,1.3 Butadiene (air),CH2=CH-CH=CH2 - recommended unit: µg/m3,Valid,20.09.2013,CH2=CH-CH=CH2
25,Formaldehyde (air),HCHO - recommended unit: µg/m3,Valid,20.09.2013,HCHO
26,Trichloroethylene (air),CHCl=CCl2 - recommended unit: µg/m3,Valid,20.09.2013,CHCl=CCl2
27,Tetrachloroethylene (air),C2Cl4 - recommended unit: µg/m3,Valid,20.09.2013,C2Cl4
28,Dichloromethane (air),CH2Cl2 - recommended unit: µg/m3,Valid,20.09.2013,CH2Cl2
29,Benzo(a)pyrene (precip),BaP - recommended unit: ng/l,Valid,20.09.2013,BaP
30,Polyaromatic hydrocarbons (air+aerosol),PAH - recommended unit: ng/m3,Valid,20.09.2013,PAH
31,Vinyl chloride (air),VC - recommended unit: µg/m3,Valid,20.09.2013,VC
32,Total non-methane hydrocarbons (air),THC (NM) - recommended unit: µg C/m3,Valid,20.09.2013,THC (NM)
33,Total volatile organic compounds (air),T-VOC - recommended unit: µg/m3,Valid,20.09.2013,T-VOC
34,Peroxyacetyl nitrate (air),PAN - recommended unit: µg/m3,Valid,20.09.2013,PAN
35,Ammonia (air),NH3 - recommended unit: µg/m3,Valid,20.09.2013,NH3
36,Wet nitrogen deposition (flux),N-DEP - recommended unit: mg N/m2.m,Valid,20.09.2013,N-DEP
37,Wet sulphur deposition (flux),S-DEP - recommended unit: mg S/m2.m,Valid,20.09.2013,S-DEP
38,Nitrogen monoxide (air),NO - recommended unit: µg/m3,Valid,20.09.2013,NO
39,Hydrogen chloride (air),HCl - recommended unit: µg/m3,Valid,20.09.2013,HCl
40,Hydrogen fluoride (air),HF - recommended unit: µg/m3,Valid,20.09.2013,HF
41,Methane (air),CH4 - recommended unit: µg/m3,Valid,20.09.2013,CH4
42,Phenol,C6H6O or C6H5OH,Valid,03.03.2020,C6H5OH
44,Total nitrogen,Total nitrogen,Valid,11.08.2022,NT
45,Particulate ammonium (aerosol),NH4 - recommended unit: µg/m3,Valid,20.09.2013,NH4
46,Particulate nitrate (aerosol),NO3 - recommended unit: µg/m3,Valid,20.09.2013,NO3
47,Particulate sulphate (aerosol),SO4 (H2SO4 aerosols) (SO4--) - recommended unit: µg/m3,Valid,20.09.2013,SO4 (H2SO4 aerosols) (SO4--)
48,Selenium (aerosol),Se - recommended unit: ng/m3,Valid,20.09.2013,Se
49,Vanadium (aerosol),V - recommended unit: ng/m3,Valid,20.09.2013,V
50,Gaseous nitric acid (air),HNO3 - recommended unit: µg/m3,Valid,20.09.2013,HNO3
51,HC C2-C6(excl. AROM. & CHLH) …,HC C2-C6(excl. AROM. & CHLH) - recommended unit: µg/m3,Valid,20.09.2013,HC C2-C6(excl. AROM. & CHLH)
52,HC > C6 (excl. AROM. & CHLH) …,HC > C6 (excl. AROM. & CHLH) - recommended unit: µg/m3,Valid,20.09.2013,HC > C6 (excl. AROM. & CHLH)
53,Aromatics (except C6H6) (air),Aromatics (except C6H6) - recommended unit: µg/m3,Valid,20.09.2013,Aromatics (except C6H6)
54,Chlorinated hydrocarbons (air),Chlorinated hydrocarbons - recommended unit: µg/m3,Valid,20.09.2013,Chlorinated hydrocarbons
62,Fluoride (except HF) (air),Fluor (except HF) - recommended unit: µg/m3,Valid,20.09.2013,Fluor (except HF)
63,Zinc (aerosol),Zn - recommended unit: ng/m3,Valid,20.09.2013,Zn
64,Cobalt (aerosol),Co - recommended unit: ng/m3,Valid,20.09.2013,Co
65,Iron (aerosol),Fe - recommended unit: ng/m3,Valid,20.09.2013,Fe
66,Back scattering (),Back scattering - recommended unit: m-1,Valid,20.09.2013,Back scattering
67,Total nitrate (air+aerosol),HNO3+NO3 - recommended unit: µg N/m3,Valid,20.09.2013,HNO3+NO3
68,Total ammonium (air+aerosol),NH3+NH4 - recommended unit: µg N/m3,Valid,20.09.2013,NH3+NH4
69,Radioactivity (),Radioactivity - recommended unit:,Valid,20.09.2013,Radioactivity
71,Carbon dioxide (air),CO2 - recommended unit: ppmv,Valid,20.09.2013,CO2
73,Copper (aerosol),Cu - recommended unit: ng/m3,Valid,20.09.2013,Cu
78,Xylene (air),C6H4-(CH3)2 - recommended unit: µg/m3,Valid,20.09.2013,C6H4-(CH3)2
80,p-Xylene (air),p-C6H4(CH3)2 - recommended unit: µg/m3,Valid,20.09.2013,p-C6H4(CH3)2
81,m-Xylene (air),m-C6H4-(CH3)2 - recommended unit: µg/m3,Valid,20.09.2013,m-C6H4-(CH3)2
82,trans-2-Pentene (air),trans-H3C-HC=CH-CH2-CH3 - recommended unit: µg/m3,Valid,20.09.2013,trans-H3C-HC=CH-CH2-CH3
83,cis-2-Pentene (air),cis-H3C-HC=CH-CH2-CH3 - recommended unit: µg/m3,Valid,20.09.2013,cis-H3C-HC=CH-CH2-CH3
302,CFC_11 (air),CFC-11 - recommended unit: pptv,Valid,20.09.2013,CFC-11
303,CFC_113 (air),CFC-113 - recommended unit: pptv,Valid,20.09.2013,CFC-113
304,CFC_12 (air),CFC-12 - recommended unit: pptv,Valid,20.09.2013,CFC-12
307,HCFC_123 (air),HCFC-123 - recommended unit: pptv,Valid,20.09.2013,HCFC-123
308,HCFC_22 (air),HCFC-22 - recommended unit: pptv,Valid,20.09.2013,HCFC-22
309,N1methylnaphtalene (air+aerosol),1-methylnaphtalene - recommended unit: ng/m3,Valid,20.09.2013,1-methylnaphtalene
310,N1methylphenanthrene (air+aerosol),1-methylphenanthrene - recommended unit: ng/m3,Valid,20.09.2013,1-methylphenanthrene
311,N2butanone (air),Methyletylketone (MEK) - recommended unit: µg/m3,Valid,20.09.2013,Methyletylketone (MEK)
312,N2butenal (air),Crotonaldehyde - recommended unit: µg/m3,Valid,20.09.2013,Crotonaldehyde
313,N2methylanthracene (air+aerosol),2-methylanthracene - recommended unit: ng/m3,Valid,20.09.2013,2-methylanthracene
314,N2methylbenzencarbaldehyde (air),2-methylbenzaldehyde - recommended unit: µg/m3,Valid,20.09.2013,2-methylbenzaldehyde
315,N2methylnaphtalene (air+aerosol),2-methylnaphtalene - recommended unit: ng/m3,Valid,20.09.2013,2-methylnaphtalene
316,i-Hexane (2-methylpentane) (air),(CH3)2-CH-CH2-CH2-CH3 - recommended unit: µg/m3,Valid,20.09.2013,(CH3)2-CH-CH2-CH2-CH3
317,N2methylphenanthrene (air+aerosol),2-methylphenanthrene - recommended unit: ng/m3,Valid,20.09.2013,2-methylphenanthrene
318,N2methylpropenal (air),Methacroleine - recommended unit: µg/m3,Valid,20.09.2013,Methacroleine
319,N2oxopropanal (air),Methylglyoxal - recommended unit: µg/m3,Valid,20.09.2013,Methylglyoxal
320,N2propenal (air),Acroleine - recommended unit: µg/m3,Valid,20.09.2013,Acroleine
321,N3buten2one (air),Methylvinylketone (MVK) - recommended unit: µg/m3,Valid,20.09.2013,Methylvinylketone (MVK)
322,N3methylbenzencarbaldehyde (air),3-methylbenzaldehyde - recommended unit: µg/m3,Valid,20.09.2013,3-methylbenzaldehyde
323,N3methylpentane (air),3-methylpentane - recommended unit: pptv,Valid,20.09.2013,3-methylpentane
324,N4methylbenzencarbaldehyde (air),4-methylbenzaldehyde - recommended unit: µg/m3,Valid,20.09.2013,4-methylbenzaldehyde
326,NOy (air),NOy - recommended unit: µg N/m3,Valid,20.09.2013,NOy
330,PCB_105 (precip),PCB-105 - recommended unit: ng/l,Valid,20.09.2013,PCB-105
333,PCB_128 (precip),PCB-128 - recommended unit: ng/l,Valid,20.09.2013,PCB-128
336,PCB_149 (precip),PCB-149 - recommended unit: ng/l,Valid,20.09.2013,PCB-149
339,PCB_156 (precip),PCB-156 - recommended unit: ng/l,Valid,20.09.2013,PCB-156
340,PCB_177 (precip),PCB-177 - recommended unit: ng/l,Valid,20.09.2013,PCB-177
341,PCB_18 (precip),PCB-18 - recommended unit: ng/l,Valid,20.09.2013,PCB-18
344,PCB_26 (precip),PCB-26 - recommended unit: ng/l,Valid,20.09.2013,PCB-26
347,PCB_31 (precip),PCB-31 - recommended unit: ng/l,Valid,20.09.2013,PCB-31
348,PCB_44 (precip),PCB-44 - recommended unit: ng/l,Valid,20.09.2013,PCB-44
351,acenaphthene (air+aerosol),Acenaphthene - recommended unit: ng/m3,Valid,20.09.2013,Acenaphthene
352,acenaphtylene (air+aerosol),Acenaphtylene - recommended unit: ng/m3,Valid,20.09.2013,Acenaphtylene
356,aldrin (precip),Aldrin - recommended unit: ng/l,Valid,20.09.2013,Aldrin
364,anthanthrene (air+aerosol),Anthanthrene - recommended unit: ng/m3,Valid,20.09.2013,Anthanthrene
372,Benzenecarbaldehyde (air),Benzaldehyde - recommended unit: µg/m3,Valid,20.09.2013,Benzaldehyde
373,Benzo(a)fluoranthene (air+aerosol),Benzo(a)fluoranthene - recommended unit: ng/m3,Valid,20.09.2013,Benzo(a)fluoranthene
374,Tolualdehyde (air),C8H8O - recommended unit: µg/m3,Valid,29.03.2016,C8H8O
380,Benzo(b+j+k)fluoranthenes (air+aerosol),Benzo(b+j+k)fluoranthenes - recommended unit: ng/m3,Valid,20.09.2013,Benzo(b+j+k)fluoranthenes
381,Benzo(e)pyrene (air+aerosol),Benzo(e)pyrene - recommended unit: ng/m3,Valid,20.09.2013,Benzo(e)pyrene
382,Benzo(k+j)fluoranthene (air+aerosol),Benzo(k+j)fluoranthene (air+aerosol) - recommended unit: ng/m3,Valid,22.04.2022,Benzo(k+j)fluoranthene
390,biphenyl (air+aerosol),Biphenyl - recommended unit: ng/m3,Valid,20.09.2013,Biphenyl
391,black_carbon (aerosol),Black Carbon - recommended unit: µg/m3,Valid,20.09.2013,Black Carbon
393,butanales (air),Butanales - recommended unit: µg/m3,Valid,20.09.2013,Butanales
394,n-Butane (air),H3C-CH2-CH2-CH3 - recommended unit: µg/m3,Valid,20.09.2013,H3C-CH2-CH2-CH3
395,butenes (air),Butenes - recommended unit: pptv,Valid,20.09.2013,Butenes
396,N2methylpropenal + Butanal (air),Methacroleine + Butanal - recommended unit: µg/m3,Valid,29.03.2016,Methacroleine + Butanal
401,carbontetrachloride (air),Carbon-tetrachloride - recommended unit: pptv,Valid,20.09.2013,Carbon-tetrachloride
406,chrysene (precip),Chrysene - recommended unit: ng/l,Valid,20.09.2013,Chrysene
412,conductivity (precip),k - recommended unit: uS/cm,Valid,20.09.2013,k
415,coronene (air+aerosol),Coronene - recommended unit: ng/m3,Valid,20.09.2013,Coronene
416,cyclohexane (air),Cyclo-hexane - recommended unit: pptv,Valid,20.09.2013,Cyclo-hexane
417,Cyklopenta(cd)pyrene (air+aerosol),Cyklopenta(cd)pyrene - recommended unit: ng/m3,Valid,20.09.2013,Cyklopenta(cd)pyrene
418,Dibenzo(ac+ah)anthracenes (precip),Dibenzo(ac+ah)anthracenes - recommended unit: ng/m3,Valid,20.09.2013,Dibenzo(ac+ah)anthracenes
419,Dibenzo(ah)anthracene (precip),Dibenzo(ah)anthracene - recommended unit: ng/l,Valid,20.09.2013,Dibenzo(ah)anthracene
420,dibenzofuran (air+aerosol),Dibenzofuran - recommended unit: ng/m3,Valid,20.09.2013,Dibenzofuran
421,dibenzothiophene (air+aerosol),Dibenzothiophene - recommended unit: ng/m3,Valid,20.09.2013,Dibenzothiophene
425,dinitrogenoxide (air),N2O - recommended unit: ppbv,Valid,20.09.2013,N2O
426,endrin (precip),Endrin - recommended unit: ng/l,Valid,20.09.2013,Endrin
427,ethanal (air),Acetaldehyde - recommended unit: µg/m3,Valid,20.09.2013,Acetaldehyde
428,Ethane (air),C2H6 - recommended unit: µg/m3,Valid,20.09.2013,C2H6
429,ethanedial (air),Glyoxal - recommended unit: µg/m3,Valid,20.09.2013,Glyoxal
430,Ethene (Ethylene) (air),H2C=CH2 - recommended unit: µg/m3,Valid,20.09.2013,H2C=CH2
431,Ethyl benzene (air),C6H5-C2H5 - recommended unit: µg/m3,Valid,20.09.2013,C6H5-C2H5
432,Ethyne (Acetylene) (air),HC=CH - recommended unit: µg/m3,Valid,20.09.2013,HC=CH
433,Ethyltoluene,C9H12 - recommended unit: µg/m3,Valid,29.03.2016,C9H12
434,Propylbenzene (air),C9H12 - recommended unit: µg/m3,Valid,29.03.2016,C9H12
435,fluorene (air+aerosol),Fluorene - recommended unit: ng/m3,Valid,20.09.2013,Fluorene
438,halon_1211 (air),Halon 1211 - recommended unit: pptv,Valid,20.09.2013,Halon 1211
439,halon_1301 (air),Halon 1301 - recommended unit: pptv,Valid,20.09.2013,Halon 1301
440,heptachlor (precip),Heptachlor - recommended unit: ng/l,Valid,20.09.2013,Heptachlor
441,n-Heptane (air),C7H16 - recommended unit: µg/m3,Valid,20.09.2013,C7H16
442,hexanal (air),n-Hexanal - recommended unit: µg/m3,Valid,20.09.2013,n-Hexanal
443,n-Hexane (air),C6H14 - recommended unit: µg/m3,Valid,20.09.2013,C6H14
447,i-Butane (2-methylpropane) (air),H3C-CH(CH3)2 - recommended unit: µg/m3,Valid,20.09.2013,H3C-CH(CH3)2
448,isoheptane (air),i-Heptane - recommended unit: µg/m3,Valid,20.09.2013,i-Heptane
449,"i-Octane (2,2,4-trimethylpentane) (air)",(CH3)3-C-CH2-CH-(CH3)2 - recommended unit: µg/m3,Valid,20.09.2013,(CH3)3-C-CH2-CH-(CH3)2
450,i-Pentane (2-methylbutane) (air),H3C-CH2-CH(CH3)2 - recommended unit: µg/m3,Valid,20.09.2013,H3C-CH2-CH(CH3)2
451,"Isoprene (2-methyl-1,3-butadiene) (air)",CH2=CH-C(CH3)=CH2 - recommended unit: µg/m3,Valid,20.09.2013,CH2=CH-C(CH3)=CH2
453,"1,4-Dichlorobenzene (air)",C6H4Cl2 - recommended unit: µg/m3,Valid,29.03.2016,C6H4Cl2
454,n-Nonane (air),C9H20 - recommended unit: µg/m3,Valid,29.03.2016,C9H20
455,Tetrachloroethylene (air),C2Cl4 - recommended unit: µg/m3,Valid,29.03.2016,C2Cl4
456,Tetrachloromethane (air),Tetrachloromethane (air) - recommended unit: µg/m3,Valid,16.06.2016,Tetrachloromethane (air)
457,Chlorobenzene (air),Chlorobenzene (air) - recommended unit: µg/m3,Valid,16.06.2016,Chlorobenzene (air)
458,"1,1,2-trichloroethane (air)","1,1,2-trichloroethane (air) - recommended unit: µg/m3",Valid,16.06.2016,"1,1,2-trichloroethane (air)"
459,"1,1-dichloroethane (air)","1,1-dichloroethane (air) - recommended unit: µg/m3",Valid,16.06.2016,"1,1-dichloroethane (air)"
460,"1,2-dichloroethylene (air)","1,2-dichloroethylene (air) - recommended unit: µg/m3",Valid,16.06.2016,"1,2-dichloroethylene (air)"
461,"1,2-dichloroethane (air)","1,2-dichloroethane (air) - recommended unit: µg/m3",Valid,16.06.2016,"1,2-dichloroethane (air)"
462,"1,1,1-trichloroethane (air)","1,1,1-trichloroethane (air) - recommended unit: µg/m3",Valid,16.06.2016,"1,1,1-trichloroethane (air)"
463,methylchloroform (air),Methyl-chloroform - recommended unit: pptv,Valid,20.09.2013,Methyl-chloroform
464,"m,p-Xylene (air)","m,p-C6H4(CH3)2 - recommended unit: µg/m3",Valid,20.09.2013,"m,p-C6H4(CH3)2"
465,naphtalene (air+aerosol),Naphtalene - recommended unit: ng/m3,Valid,20.09.2013,Naphtalene
466,neohexane (air),Neo-hexane - recommended unit: pptv,Valid,20.09.2013,Neo-hexane
467,neopentane (air),Neo-pentane - recommended unit: pptv,Valid,20.09.2013,Neo-pentane
475,n-Octane (air),C8H18 - recommended unit: µg/m3,Valid,20.09.2013,C8H18
482,o-Xylene (air),o-C6H4-(CH3)2 - recommended unit: µg/m3,Valid,20.09.2013,o-C6H4-(CH3)2
485,pentanal (air),Valeraldehyde - recommended unit: µg/m3,Valid,20.09.2013,Valeraldehyde
486,n-Pentane (air),H3C-(CH2)3-CH3 - recommended unit: µg/m3,Valid,20.09.2013,H3C-(CH2)3-CH3
487,pentenes (air),Pentenes - recommended unit: pptv,Valid,20.09.2013,Pentenes
488,perylene (air+aerosol),Perylene - recommended unit: ng/m3,Valid,20.09.2013,Perylene
491,phenyletanone (air),Acetophenone - recommended unit: µg/m3,Valid,20.09.2013,Acetophenone
501,2-Methylpropanal (air),"2-methylpropanal
isobutanal
isobutylaldehyde",Valid,26.11.2019,C4H8O
502,propanal (air),Propanal - recommended unit: µg/m3,Valid,20.09.2013,Propanal
503,Propane (air),H3C-CH2-CH3 - recommended unit: µg/m3,Valid,20.09.2013,H3C-CH2-CH3
504,propanone (air),Acetone - recommended unit: µg/m3,Valid,20.09.2013,Acetone
505,Propene (air),CH2=CH-CH3 - recommended unit: µg/m3,Valid,20.09.2013,CH2=CH-CH3
506,Propone + Isobutane (air),CH2=CH-CH3 + H3C-CH2-CH2-CH3 - recommended unit: µg/m3,Valid,29.03.2016,CH2=CH-CH3 + H3C-CH2-CH2-CH3
507,n-Pentane + i-Pentane (2-methylbutane),H3C-(CH2)3-CH3 + H3C-CH2-CH(CH3)2 - recommended unit: µg/m3,Valid,29.03.2016,H3C-(CH2)3-CH3 + H3C-CH2-CH(CH3)2
508,retene (air+aerosol),Retene - recommended unit: ng/m3,Valid,20.09.2013,Retene
509,Propanone + N2propenal (air),Acetone + Acrolein- recommended unit: µg/m3,Valid,29.03.2016,Acetone + Acrolein
517,sum_PCB (precip),sum-PCB - recommended unit: ng/l,Valid,20.09.2013,sum-PCB
520,sum_sulph_diox_sulphate (air+aerosol),SO2 + SO4-- - recommended unit: µg S/m3,Valid,20.09.2013,SO2 + SO4--
601,N3methylphenanthrene (air+aerosol),3-methylphenantrene - recommended unit: ng/m3,Valid,20.09.2013,3-methylphenantrene
602,N9methylphenanthrene (air+aerosol),9-methylphenantrene - recommended unit: ng/m3,Valid,20.09.2013,9-methylphenantrene
604,aluminium (aerosol),Al - recommended unit: ng/m3,Valid,20.09.2013,Al
605,aluminium (precip),Al - recommended unit: µg/l,Valid,20.09.2013,Al
606,anthracene (air+aerosol),Anthracene - recommended unit: ng/m3,Valid,20.09.2013,Anthracene
607,anthracene (precip),Anthracene - recommended unit: ng/l,Valid,20.09.2013,Anthracene
608,anthracene (precip+dry_dep),Anthracene - recommended unit: µg/m2/day,Valid,20.09.2013,Anthracene
609,Benzo(a)anthracene (air+aerosol),Benzo(a)anthracene - recommended unit: ng/m3,Valid,20.09.2013,Benzo(a)anthracene
610,Benzo(a)anthracene (precip),Benzo(a)anthracene - recommended unit: ng/l,Valid,20.09.2013,Benzo(a)anthracene
611,Benzo(a)anthracene (precip+dry_dep),Benzo(a)anthracene - recommended unit: µg/m2/day,Valid,20.09.2013,Benzo(a)anthracene
613,Benzo(a)fluorene (air+aerosol),Benzo(a)fluorene - recommended unit: ng/m3,Valid,20.09.2013,Benzo(a)fluorene
616,Benzo(b)fluoranthene (air+aerosol),Benzo(b)fluoranthene - recommended unit: ng/m3,Valid,20.09.2013,Benzo(b)fluoranthene
617,Benzo(b)fluoranthene (precip),Benzo(b)fluoranthene - recommended unit: ng/l,Valid,20.09.2013,Benzo(b)fluoranthene
618,Benzo(b)fluoranthene (precip+dry_dep),Benzo(b)fluoranthene - recommended unit: µg/m2/day,Valid,20.09.2013,Benzo(b)fluoranthene
619,Benzo(b)fluorene (air+aerosol),Benzo(b)fluorene - recommended unit: ng/m3,Valid,20.09.2013,Benzo(b)fluorene
620,Benzo(ghi)fluoranthene (air+aerosol),Benzo(ghi)fluoranthene - recommended unit: ng/m3,Valid,20.09.2013,Benzo(ghi)fluoranthene
621,Benzo(ghi)fluoranthene (precip),Benzo(ghi)fluoranthene - recommended unit: ng/l,Valid,20.09.2013,Benzo(ghi)fluoranthene
622,Benzo(ghi)perylene (air+aerosol),Benzo(ghi)perylene - recommended unit: ng/m3,Valid,20.09.2013,Benzo(ghi)perylene
623,Benzo(ghi)perylene (precip),Benzo(ghi)perylene - recommended unit: ng/l,Valid,20.09.2013,Benzo(ghi)perylene
624,Benzo(ghi)perylene (precip+dry_dep),Benzo(ghi)perylene - recommended unit: µg/m2/day,Valid,20.09.2013,Benzo(ghi)perylene
625,Benzo(k)fluoranthene (air+aerosol),Benzo(k)fluoranthene - recommended unit: ng/m3,Valid,20.09.2013,Benzo(k)fluoranthene
626,Benzo(k)fluoranthene (precip),Benzo(k)fluoranthene - recommended unit: ng/l,Valid,20.09.2013,Benzo(k)fluoranthene
627,Benzo(k)fluoranthene (precip+dry_dep),Benzo(k)fluoranthene - recommended unit: µg/m2/day,Valid,20.09.2013,Benzo(k)fluoranthene
629,calcium (aerosol),Ca++ - recommended unit: µg/m3,Valid,20.09.2013,Ca++
630,calcium (precip),Ca++ - recommended unit: mg/l,Valid,20.09.2013,Ca++
631,chloride (aerosol),Cl- - recommended unit: µg/m3,Valid,20.09.2013,Cl-
632,chloride (precip),Cl- - recommended unit: mg/l,Valid,20.09.2013,Cl-
633,Dibenz(ac+ah)anthracenes (air+aerosol),Dibenz(ac+ah)anthracenes - recommended unit: ng/m3,Valid,20.09.2013,Dibenz(ac+ah)anthracenes
634,Dibenz(ac+ah)anthracenes (precip) - …,Dibenz(ac+ah)anthracenes - recommended unit: ng/l,Deprecated - retired,20.09.2013,Dibenz(ac+ah)anthracenes
635,Dibenz(ah)anthracene (precip) - please …,Dibenz(ah)anthracene - recommended unit: ng/l,Deprecated - retired,20.09.2013,Dibenz(ah)anthracene
636,Dibenzo(ae)pyrene (air+aerosol),Dibenzo(ae)pyrene - recommended unit: ng/m3,Valid,20.09.2013,Dibenzo(ae)pyrene
637,Dibenzo(ah)pyrene (air+aerosol),Dibenzo(ah)pyrene - recommended unit: ng/m3,Valid,20.09.2013,Dibenzo(ah)pyrene
638,Dibenzo(ai)pyrene (air+aerosol),Dibenzo(ai)pyrene - recommended unit: ng/m3,Valid,20.09.2013,Dibenzo(ai)pyrene
639,Dibenzo(ai)pyrene (precip),Dibenzo(ai)pyrene - recommended unit: ng/l,Valid,20.09.2013,Dibenzo(ai)pyrene
640,dieldrin (air+aerosol),Dieldrin - recommended unit: pg/m3,Valid,20.09.2013,Dieldrin
641,dieldrin (precip),Dieldrin - recommended unit: ng/l,Valid,20.09.2013,Dieldrin
643,fluoranthene (air+aerosol),Fluoranthene - recommended unit: ng/m3,Valid,20.09.2013,Fluoranthene
644,fluoranthene (precip),Fluoranthene - recommended unit: ng/l,Valid,20.09.2013,Fluoranthene
645,fluoranthene (precip+dry_dep),Fluoranthene - recommended unit: µg/m2/day,Valid,20.09.2013,Fluoranthene
648,acidity(H+) (precip),H+ - recommended unit: ue H/l,Valid,20.09.2013,H+
649,HCB (air+aerosol),HCB - recommended unit: pg/m3,Valid,20.09.2013,HCB
650,HCB (precip),HCB - recommended unit: ng/l,Valid,20.09.2013,HCB
652,heptachlor_epoxide (precip),Heptachlor Epoxide - recommended unit: ng/l,Valid,20.09.2013,Heptachlor Epoxide
653,reactive_mercury (air+aerosol),Hg-reactive - recommended unit: ng/m3,Valid,20.09.2013,Hg-reactive
654,indeno_123cd_pyrene (air+aerosol),"Indeno-(1,2,3-cd)pyrene - recommended unit: ng/m3",Valid,20.09.2013,"Indeno-(1,2,3-cd)pyrene"
655,indeno_123cd_pyrene (precip),"Indeno-(1,2,3-cd)pyrene - recommended unit: ng/l",Valid,20.09.2013,"Indeno-(1,2,3-cd)pyrene"
656,indeno_123cd_pyrene (precip+dry_dep),"Indeno-(1,2,3-cd)pyrene - recommended unit: µg/m2/day",Valid,20.09.2013,"Indeno-(1,2,3-cd)pyrene"
657,potassium (aerosol),K+ - recommended unit: µg/m3,Valid,20.09.2013,K+
658,potassium (precip),K+ - recommended unit: mg/l,Valid,20.09.2013,K+
659,magnesium (aerosol),Mg++ - recommended unit: µg/m3,Valid,20.09.2013,Mg++
660,magnesium (precip),Mg++ - recommended unit: mg/l,Valid,20.09.2013,Mg++
661,molybdenum (aerosol),Mo - recommended unit: ng/m3,Valid,20.09.2013,Mo
664,ammonium (precip),NH4+ - recommended unit: mg N/l,Valid,20.09.2013,NH4+
666,nitrate (precip),NO3- - recommended unit: mg N/l,Valid,20.09.2013,NO3-
667,Kjeldahl nitrogen (precip),Kj-N in precipitation - recommended unit: mg N/l,Valid,27.03.2020,Kj-N
668,sodium (aerosol),Na+ - recommended unit: µg/m3,Valid,20.09.2013,Na+
669,sodium (precip),Na+ - recommended unit: mg/l,Valid,20.09.2013,Na+
670,PCB_101 (air+aerosol),PCB-101 - recommended unit: pg/m3,Valid,20.09.2013,PCB-101
671,PCB_101 (precip),PCB-101 - recommended unit: ng/l,Valid,20.09.2013,PCB-101
672,PCB_101 (precip+dry_dep),PCB-101 - recommended unit: ng/m2/day,Valid,20.09.2013,PCB-101
673,PCB_114 (air+aerosol),PCB-114 - recommended unit: pg/m3,Valid,20.09.2013,PCB-114
674,PCB_118 (air+aerosol),PCB-118 - recommended unit: pg/m3,Valid,20.09.2013,PCB-118
675,PCB_118 (precip),PCB-118 - recommended unit: ng/l,Valid,20.09.2013,PCB-118
676,PCB_118 (precip+dry_dep),PCB-118 - recommended unit: ng/m2/day,Valid,20.09.2013,PCB-118
677,PCB_138 (air+aerosol),PCB-138 - recommended unit: pg/m3,Valid,20.09.2013,PCB-138
678,PCB_138 (precip+dry_dep),PCB-138 - recommended unit: ng/m2/day,Valid,20.09.2013,PCB-138
679,PCB_141 (air+aerosol),PCB-141 - recommended unit: pg/m3,Valid,20.09.2013,PCB-141
680,PCB_153 (air+aerosol),PCB-153 - recommended unit: pg/m3,Valid,20.09.2013,PCB-153
681,PCB_153 (precip),PCB-153 - recommended unit: ng/l,Valid,20.09.2013,PCB-153
682,PCB_153 (precip+dry_dep),PCB-153 - recommended unit: ng/m2/day,Valid,20.09.2013,PCB-153
683,PCB_157 (air+aerosol),PCB-157 - recommended unit: pg/m3,Valid,20.09.2013,PCB-157
684,PCB_167 (air+aerosol),PCB-167 - recommended unit: pg/m3,Valid,20.09.2013,PCB-167
685,PCB_170 (air+aerosol),PCB-170 - recommended unit: pg/m3,Valid,20.09.2013,PCB-170
686,PCB_180 (air+aerosol),PCB-180 - recommended unit: pg/m3,Valid,20.09.2013,PCB-180
687,PCB_180 (precip),PCB-180 - recommended unit: ng/l,Valid,20.09.2013,PCB-180
688,PCB_180 (precip+dry_dep),PCB-180 - recommended unit: ng/m2/day,Valid,20.09.2013,PCB-180
689,PCB_183 (air+aerosol),PCB-183 - recommended unit: pg/m3,Valid,20.09.2013,PCB-183
690,PCB_187 (air+aerosol),PCB-187 - recommended unit: pg/m3,Valid,20.09.2013,PCB-187
691,PCB_189 (air+aerosol),PCB-189 - recommended unit: pg/m3,Valid,20.09.2013,PCB-189
692,PCB_194 (air+aerosol),PCB-194 - recommended unit: pg/m3,Valid,20.09.2013,PCB-194
693,PCB_206 (air+aerosol),PCB-206 - recommended unit: pg/m3,Valid,20.09.2013,PCB-206
694,PCB_209 (air+aerosol),PCB-209 - recommended unit: pg/m3,Valid,20.09.2013,PCB-209
695,PCB_28 (air+aerosol),PCB-28 - recommended unit: pg/m3,Valid,20.09.2013,PCB-28
696,PCB_28 (precip),PCB-28 - recommended unit: ng/l,Valid,20.09.2013,PCB-28
697,PCB_28 (precip+dry_dep),PCB-28 - recommended unit: ng/m2/day,Valid,20.09.2013,PCB-28
698,PCB_33 (air+aerosol),PCB-33 - recommended unit: pg/m3,Valid,20.09.2013,PCB-33
699,PCB_37 (air+aerosol),PCB-37 - recommended unit: pg/m3,Valid,20.09.2013,PCB-37
700,PCB_47 (air+aerosol),PCB-47 - recommended unit: pg/m3,Valid,20.09.2013,PCB-47
701,PCB_52 (air+aerosol),PCB-52 - recommended unit: pg/m3,Valid,20.09.2013,PCB-52
702,PCB_52 (precip),PCB-52 - recommended unit: ng/l,Valid,20.09.2013,PCB-52
703,PCB_52 (precip+dry_dep),PCB-52 - recommended unit: ng/m2/day,Valid,20.09.2013,PCB-52
704,PCB_60 (air+aerosol),PCB-60 - recommended unit: pg/m3,Valid,20.09.2013,PCB-60
705,PCB_66 (air+aerosol),PCB-66 - recommended unit: pg/m3,Valid,20.09.2013,PCB-66
706,PCB_74 (air+aerosol),PCB-74 - recommended unit: pg/m3,Valid,20.09.2013,PCB-74
707,PCB_99 (air+aerosol),PCB-99 - recommended unit: pg/m3,Valid,20.09.2013,PCB-99
708,PCB_122 (air+aerosol),PCB_122 - recommended unit: pg/m3,Valid,20.09.2013,PCB_122
709,PCB_123 (air+aerosol),PCB_123 - recommended unit: pg/m3,Valid,20.09.2013,PCB_123
710,PCB_128 (air+aerosol),PCB_128 - recommended unit: pg/m3,Valid,20.09.2013,PCB_128
711,PCB_138 (precip),PCB_138 - recommended unit: ng/l,Valid,20.09.2013,PCB_138
712,phenanthrene (air+aerosol),Phenanthrene - recommended unit: ng/m3,Valid,20.09.2013,Phenanthrene
713,phenanthrene (precip),Phenanthrene - recommended unit: ng/l,Valid,20.09.2013,Phenanthrene
714,phenanthrene (precip+dry_dep),Phenanthrene - recommended unit: µg/m2/day,Valid,20.09.2013,Phenanthrene
715,pyrene (air+aerosol),Pyrene - recommended unit: ng/m3,Valid,20.09.2013,Pyrene
716,pyrene (precip),Pyrene - recommended unit: ng/l,Valid,20.09.2013,Pyrene
717,pyrene (precip+dry_dep),Pyrene - recommended unit: µg/m2/day,Valid,20.09.2013,Pyrene
719,sulphate (precip),SO4-- - recommended unit: mg S/l,Valid,20.09.2013,SO4--
720,sulphate_corrected (precip),SO4-- corr - recommended unit: mg S/l,Valid,20.09.2013,SO4-- corr
723,titanium (precip),TI - recommended unit: µg/l,Valid,20.09.2013,TI
728,vanadium (precip),Vanadium - recommended unit: µg/l,Valid,20.09.2013,Vanadium
729,alpha_HCH (air+aerosol),alpha-HCH - recommended unit: pg/m3,Valid,20.09.2013,alpha-HCH
730,alpha_HCH (precip),alpha-HCH - recommended unit: ng/l,Valid,20.09.2013,alpha-HCH
731,alpha_HCH (precip+dry_dep),alpha-HCH - recommended unit: ng.m-2.day-1,Valid,20.09.2013,alpha-HCH
732,beta_HCH (air+aerosol),beta-HCH - recommended unit: pg/m3,Valid,20.09.2013,beta-HCH
733,beta_HCH (precip),beta-HCH - recommended unit: ng/l,Valid,20.09.2013,beta-HCH
734,cis_CD (air+aerosol),cis-CD - recommended unit: pg/m3,Valid,20.09.2013,cis-CD
735,cis_CD (precip),cis-CD - recommended unit: ng/l,Valid,20.09.2013,cis-CD
736,cis_NO (air+aerosol),cis-NO - recommended unit: pg/m3,Valid,20.09.2013,cis-NO
737,lindane (air+aerosol),gamma-HCH - recommended unit: pg/m3,Valid,20.09.2013,gamma-HCH
738,lindane (precip+dry_dep),gamma-HCH - recommended unit: ng.m-2.day-1,Valid,20.09.2013,gamma-HCH
739,lindane (precip),gamma-HCH - recommended unit: ng/l,Valid,20.09.2013,gamma-HCH
741,op_DDD (precip),"o,p'-DDD - recommended unit: ng/l",Valid,20.09.2013,"o,p'-DDD"
742,op_DDE (precip),"o,p'-DDE - recommended unit: ng/l",Valid,20.09.2013,"o,p'-DDE"
743,op_DDT (precip),"o,p'-DDT - recommended unit: ng/l",Valid,20.09.2013,"o,p'-DDT"
744,op_DDD (air+aerosol),"o,p'-DDD - recommended unit: pg/m3",Valid,20.09.2013,"o,p'-DDD"
745,op_DDE (air+aerosol),"o,p'-DDE - recommended unit: pg/m3",Valid,20.09.2013,"o,p'-DDE"
746,op_DDT (air+aerosol),"o,p'-DDT - recommended unit: pg/m3",Valid,20.09.2013,"o,p'-DDT"
747,pp_DDD (precip),"p,p'-DDD - recommended unit: ng/l",Valid,20.09.2013,"p,p'-DDD"
748,pp_DDE (precip),"p,p'-DDE - recommended unit: ng/l",Valid,20.09.2013,"p,p'-DDE"
749,pp_DDT (precip),"p,p'-DDT - recommended unit: ng/l",Valid,20.09.2013,"p,p'-DDT"
750,pp_DDD (air+aerosol),"p,p'-DDD - recommended unit: pg/m3",Valid,20.09.2013,"p,p'-DDD"
751,pp_DDE (air+aerosol),"p,p'-DDE - recommended unit: pg/m3",Valid,20.09.2013,"p,p'-DDE"
752,pp_DDT (air+aerosol),"p,p'-DDT - recommended unit: pg/m3",Valid,20.09.2013,"p,p'-DDT"
753,precipitation_amount (precip),precip_amount - recommended unit: mm,Valid,20.09.2013,precip_amount
754,precipitation_amount_off (precip),precip_amount_off - recommended unit: mm,Valid,20.09.2013,precip_amount_off
755,trans_CD (air+aerosol),trans-CD - recommended unit: pg/m3,Valid,20.09.2013,trans-CD
756,trans_CD (precip),trans-CD - recommended unit: ng/l,Valid,20.09.2013,trans-CD
757,trans_NO (air+aerosol),trans-NO - recommended unit: pg/m3,Valid,20.09.2013,trans-NO
758,trans_NO (precip),trans_NO - recommended unit: ng/l,Valid,20.09.2013,trans_NO
759,Benzo(j)fluoranthene (precip),Benzo(j)fluoranthene - recommended unit: ng/l,Valid,20.09.2013,Benzo(j)fluoranthene
760,Benzo(j)fluoranthene (precip+dry_dep),Benzo(j)fluoranthene - recommended unit: µg/m2/day,Valid,20.09.2013,Benzo(j)fluoranthene
761,Benzo(j)fluorene (air+aerosol),Benzo(j)fluorene - recommended unit: ng/m3,Valid,20.09.2013,Benzo(j)fluorene
762,Benzo(j)fluoranthene (air+aerosol),Benzo(j)fluoranthene - recommended unit: ng/m3,Valid,20.09.2013,Benzo(j)fluoranthene
763,Dibenzo(ah)anthracene (air+aerosol),Dibenzo(ah)anthracene - recommended unit: ng/m3,Valid,20.09.2013,Dibenzo(ah)anthracene
771,Elemental carbon (aerosol),EC - recommended unit: µg/m3,Valid,20.09.2013,EC
772,Organic carbon (aerosol),OC - recommended unit: µg/m3,Valid,20.09.2013,OC
773,alpha-Endosulfan (air+aerosol),alpha-Endosulfan - recommended unit: pg.m-3,Valid,13.12.2018,alpha-Endosulfan
774,beta-Endosulfan (air+aerosol),beta-Endosulfan - recommended unit: pg.m-3,Valid,13.12.2018,beta-Endosulfan
775,Endosulfan sulfate (air+aerosol),Endosulfan sulfate - recommended unit: pg.m-3,Valid,13.12.2018,Endosulfan sulfate
776,DCMU (air+aerosol),DCMU - recommended unit: pg.m-3,Valid,13.12.2018,DCMU
777,Atrazine (air+aerosol),Atrazine - recommended unit: pg.m-3,Valid,13.12.2018,Atrazine
778,Isoproturon (air+aerosol),Isoproturon - recommended unit: pg.m-3,Valid,13.12.2018,Isoproturon
779,Heptachlor (air+aerosol),Heptachlor - recommended unit: pg.m-3,Valid,13.12.2018,Heptachlor
780,Aldrin (air+aerosol),Aldrin - recommended unit: pg.m-3,Valid,13.12.2018,Aldrin
1012,Lead in PM2.5 (aerosol),Pb in PM2.5 - recommended unit: µg/m3,Valid,20.09.2013,Pb in PM2.5
1013,Mercury in PM2.5 (aerosol),Hg in PM2.5 - recommended unit: ng/m3,Valid,20.09.2013,Hg in PM2.5
1014,Cadmium in PM2.5 (aerosol),Cd in PM2.5 - recommended unit: ng/m3,Valid,20.09.2013,Cd in PM2.5
1015,Nickel in PM2.5 (aerosol),Ni in PM2.5 - recommended unit: ng/m3,Valid,20.09.2013,Ni in PM2.5
1016,Chromium in PM2.5 (aerosol),Cr in PM2.5 - recommended unit: ng/m3,Valid,20.09.2013,Cr in PM2.5
1017,Manganese in PM2.5 (aerosol),Mn in PM2.5 - recommended unit: ng/m3,Valid,20.09.2013,Mn in PM2.5
1018,Arsenic in PM2.5 (aerosol),As in PM2.5 - recommended unit: ng/m3,Valid,20.09.2013,As in PM2.5
1029,Benzo(a)pyrene in PM2.5 (aerosol),BaP in PM2.5 - recommended unit: ng/m3,Valid,20.09.2013,BaP in PM2.5
1045,Ammonium in PM2.5 (aerosol),NH4+ in PM2.5 - recommended unit: µg/m3,Valid,20.09.2013,NH4+ in PM2.5
1046,Nitrate in PM2.5 (aerosol),NO3- in PM2.5 - recommended unit: µg/m3,Valid,20.09.2013,NO3- in PM2.5
1047,sulphate in PM2.5 (aerosol),SO42- in PM2.5 - recommended unit: µg/m3,Valid,20.09.2013,SO42- in PM2.5
1048,Selenium in PM2.5 (aerosol),Se in PM2.5 - recommended unit: ng/m3,Valid,20.09.2013,Se in PM2.5
1049,Vanedium in PM2.5 (aerosol),V in PM2.5 - recommended unit: ng/m3,Valid,20.09.2013,V in PM2.5
1063,Zinc in PM2.5 (aerosol),Zn in PM2.5 - recommended unit: ng/m3,Valid,20.09.2013,Zn in PM2.5
1064,Cobalt in PM2.5 (aerosol),Co in PM2.5 - recommended unit: ng/m3,Valid,20.09.2013,Co in PM2.5
1065,Iron in PM2.5 (aerosol),Fe in PM2.5 - recommended unit: ng/m3,Valid,20.09.2013,Fe in PM2.5
1073,Copper in PM2.5 (aerosol),Cu in PM2.5 - recommended unit: ng/m3,Valid,20.09.2013,Cu in PM2.5
1129,Benzo(a)pyrene in PM2.5 (air+aerosol),BaP in PM2.5 - recommended unit: ng/m3,Valid,20.09.2013,BaP in PM2.5
1406,Chrysene in PM2.5 (aerosol),Chrysene in PM2.5 - recommended unit: ng/m3,Valid,16.08.2024,Chrysene in PM2.5 (aerosol)
1419,Dibenzo(ah)anthracene in PM2.5 (aerosol),Dibenzo(ah)anthracene in PM2.5 - recommended unit: ng/m3,Valid,20.09.2013,Dibenzo(ah)anthracene in PM2.5
1606,Anthracene in PM2.5 (aerosol),Anthracene in PM2.5 (aerosol)  - recommended unit: ng/m3,Valid,16.08.2024,Anthracene in PM2.5 (aerosol)
1610,Benzo(a)anthracene in PM2.5 (aerosol),Benzo(a)anthracene in PM2.5 - recommended unit: ng/m3,Valid,20.09.2013,Benzo(a)anthracene in PM2.5
1616,Benzo(b)fluoranthene in PM2.5 (aerosol),Benzo(b)fluoranthene in PM2.5 - recommended unit: ng/m3,Valid,16.08.2024,Benzo(b)fluoranthene in PM2.5 (aerosol)
1617,Benzo(b)fluoranthene in PM2.5 …,Benzo(b)fluoranthene in PM2.5 - recommended unit: ng/m3,Valid,20.09.2013,Benzo(b)fluoranthene in PM2.5
1623,Benzo(ghi)perylene in PM2.5 (aerosol),Benzo(ghi)perylene in PM2.5 - recommended unit: ng/m3,Valid,16.08.2024,Benzo(ghi)perylene in PM2.5 (aerosol)
1626,Benzo(k)fluoranthene in PM2.5 (aerosol),Benzo(k)fluoranthene in PM2.5 - recommended unit: ng/m3,Valid,20.09.2013,Benzo(k)fluoranthene in PM2.5
1629,calcium in PM2.5 (aerosol),Ca2+ in PM2.5 - recommended unit: µg/m3,Valid,20.09.2013,Ca2+ in PM2.5
1631,chloride in PM2.5 (aerosol),Cl- in PM2.5 - recommended unit: µg/m3,Valid,20.09.2013,Cl- in PM2.5
1643,Fluoranthene in PM2.5 (aerosol),Fluoranthene in PM2.5 (aerosol)  - recommended unit: ng/m3,Valid,16.08.2024,Fluoranthene in PM2.5 (aerosol)
1655,indeno_123cd_pyrene in PM2.5 (aerosol),"Indeno-(1,2,3-cd)pyrene in PM2.5 - recommended unit: ng/m3",Valid,20.09.2013,"Indeno-(1,2,3-cd)pyrene in PM2.5"
1657,potassium in PM2.5 (aerosol),K+ in PM2.5 - recommended unit: µg/m3,Valid,20.09.2013,K+ in PM2.5
1659,magnesium in PM2.5 (aerosol),Mg2+ in PM2.5 - recommended unit: µg/m3,Valid,20.09.2013,Mg2+ in PM2.5
1668,sodium in PM2.5 (aerosol),Na+ in PM2.5 - recommended unit: µg/m3,Valid,20.09.2013,Na+  in PM2.5
1712,Phenanthrene in PM2.5 (aerosol),Phenanthrene in PM2.5 (aerosol)  - recommended unit: ng/m3,Valid,16.08.2024,Phenanthrene in PM2.5 (aerosol)
1715,Pyrene in PM2.5 (aerosol),Pyrene in PM2.5 (aerosol)  - recommended unit: ng/m3,Valid,16.08.2024,Pyrene in PM2.5 (aerosol)
1759,Benzo(j)fluoranthene in PM2.5 (aerosol),Benzo(j)fluoranthene in PM2.5 - recommended unit: ng/m3,Valid,20.09.2013,Benzo(j)fluoranthene in PM2.5
1771,Elemental carbon in PM2.5 (aerosol),EC in PM2.5 - recommended unit: µg/m3,Valid,20.09.2013,EC in PM2.5
1772,Organic carbon in PM2.5 (aerosol),OC in PM2.5 - recommended unit: µg/m3,Valid,20.09.2013,OC in PM2.5
2012,Lead (precip),Pb - recommended unit: µg/l,Valid,20.09.2013,Pb
2013,Mercury (precip),Hg - recommended unit: ng/l,Valid,20.09.2013,Hg
2014,Cadmium (precip),Cd - recommended unit: µg/l,Valid,20.09.2013,Cd
2015,Nickel (precip),Ni - recommended unit: µg/l,Valid,20.09.2013,Ni
2016,Chromium (precip),Cr - recommended unit: µg/l,Valid,20.09.2013,Cr
2017,Manganese (precip),Mn - recommended unit: µg/l,Valid,20.09.2013,Mn
2018,Arsenic (precip),As - recommended unit: µg/l,Valid,20.09.2013,As
2044,Total nitrogen (precip),Total nitrogen in precipitation - recommended unit: mg N/l,Valid,05.04.2024,NT
2063,Zinc (precip),Zn - recommended unit: µg/l,Valid,20.09.2013,Zn
2064,Cobalt (precip),Co - recommended unit: µg/l,Valid,20.09.2013,Co
2065,Iron (precip),Fe - recommended unit: µg/l,Valid,20.09.2013,Fe
2073,Copper (precip),Cu - recommended unit: µg/l,Valid,20.09.2013,Cu
2076,acidity(pH) (precip),pH - recommended unit: pH units,Valid,20.09.2013,pH
2380,"Benzo(b,j,k)fluoranthene (precip)","Benzo(b,j,k)fluoranthene - recommended unit: ng/l",Valid,20.09.2013,"Benzo(b,j,k)fluoranthene"
2770,phosphate (precip),PO43- - recommended unit: mg S/l,Valid,20.09.2013,PO43-
2771,Total phosphorus (precip),Total phosphorus (precip),Valid,27.03.2020,TP
2861,PFBA (precip),PFBA - recommended unit: ng.l-1,Valid,13.12.2018,PFBA
2862,PFPeA (precip),PFPeA - recommended unit: ng.l-1,Valid,13.12.2018,PFPeA
2863,PFHxA (precip),PFHxA - recommended unit: ng.l-1,Valid,13.12.2018,PFHxA
2864,PFHpA (precip),PFHpA - recommended unit: ng.l-1,Valid,13.12.2018,PFHpA
2865,PFOA (precip),PFOA - recommended unit: ng.l-1,Valid,13.12.2018,PFOA
2866,PFNA (precip),PFNA - recommended unit: ng.l-1,Valid,13.12.2018,PFNA
2867,PFDA (precip),PFDA - recommended unit: ng.l-1,Valid,13.12.2018,PFDA
2868,PFUnDA (precip),PFUnDA - recommended unit: ng.l-1,Valid,13.12.2018,PFUnDA
2871,PFBS (precip),PFBS - recommended unit: ng.l-1,Valid,13.12.2018,PFBS
2872,PFHxS (precip),PFHxS - recommended unit: ng.l-1,Valid,13.12.2018,PFHxS
2873,PFOSA (precip),PFOSA - recommended unit: ng.l-1,Valid,13.12.2018,PFOSA
2874,6:2-FTS (precip),6:2-FTS - recommended unit: ng.l-1,Valid,13.12.2018,6:2-FTS
2875,PFOS (precip),PFOS - recommended unit: ng.l-1,Valid,13.12.2018,PFOS
2876,PFDS (precip),PFDS - recommended unit: ng.l-1,Valid,13.12.2018,PFDS
3012,Lead in TSP (aerosol),Pb in TSP - recommended unit: µg/m3,Valid,20.09.2013,Pb in TSP
3013,Mercury in TSP (aerosol),Hg in TSP - recommended unit: ng/m3,Valid,20.09.2013,Hg in TSP
3014,Cadmium in TSP (aerosol),Cd in TSP - recommended unit: ng/m3,Valid,20.09.2013,Cd in TSP
3015,Nickel in TSP (aerosol),Ni in TSP - recommended unit: ng/m3,Valid,20.09.2013,Ni in TSP
3016,Chromium in TSP (aerosol),Cr in TSP - recommended unit: ng/m3,Valid,20.09.2013,Cr in TSP
3017,Manganese in TSP (aerosol),Mn in TSP - recommended unit: ng/m3,Valid,20.09.2013,Mn in TSP
3018,Arsenic in TSP (aerosol),As in TSP - recommended unit: ng/m3,Valid,20.09.2013,As in TSP
3063,Zinc in TSP (aerosol),Zn in TSP - recommended unit: ng/m3,Valid,20.09.2013,Zn in TSP
3073,Copper in TSP (aerosol),Cu in TSP - recommended unit: ng/m3,Valid,20.09.2013,Cu in TSP
3631,chloride in TSP (aerosol),Cl- in TSP - recommended unit: µg/m3,Valid,20.09.2013,Cl- in TSP
3668,sodium in TSP (aerosol),Na+ in TSP - recommended unit: µg/m3,Valid,20.09.2013,Na+  in TSP
4013,Elemental Gaseous Mercury (air+aerosol),Hg0 - recommended unit: ng/m3,Valid,20.09.2013,Hg0
4330,PCB_105 (air+aerosol),PCB-105 - recommended unit: pg/m3,Valid,20.09.2013,PCB-105
4336,PCB_149 (air+aerosol),PCB-149 - recommended unit: pg/m3,Valid,20.09.2013,PCB-149
4339,PCB_156 (air+aerosol),PCB-156 - recommended unit: pg/m3,Valid,20.09.2013,PCB-156
4341,PCB_18 (air+aerosol),PCB-18 - recommended unit: pg/m3,Valid,20.09.2013,PCB-18
4347,PCB_31 (air+aerosol),PCB-31 - recommended unit: pg/m3,Valid,20.09.2013,PCB-31
4406,chrysene (air+aerosol),Chrysene - recommended unit: ng/m3,Valid,20.09.2013,Chrysene
4407,chrysene_triphenylene (air+aerosol),Chrysene + Triphenylene - recommended unit: ng/m3,Valid,20.09.2013,Chrysene + Triphenylene
4813,Total gaseous mercury (air+aerosol),Hg0 + Hg-reactive - recommended unit: ng/m3,Valid,20.09.2013,Hg0 + Hg-reactive
4821,TCDD (air+aerosol),TCDD - recommended unit: fg.m-3,Valid,13.12.2018,TCDD
4822,CDD1N (air+aerosol),CDD1N - recommended unit: fg.m-3,Valid,13.12.2018,CDD1N
4823,CDD4X (air+aerosol),CDD4X - recommended unit: fg.m-3,Valid,13.12.2018,CDD4X
4824,CDD6X (air+aerosol),CDD6X - recommended unit: fg.m-3,Valid,13.12.2018,CDD6X
4825,CDD9X (air+aerosol),CDD9X - recommended unit: fg.m-3,Valid,13.12.2018,CDD9X
4826,CDD6P (air+aerosol),CDD6P - recommended unit: fg.m-3,Valid,13.12.2018,CDD6P
4827,CDDO (air+aerosol),CDDO - recommended unit: fg.m-3,Valid,13.12.2018,CDDO
4841,CDF2T (air+aerosol),CDF2T - recommended unit: fg.m-3,Valid,13.12.2018,CDF2T
4842,CDFDN (air+aerosol),CDFDN - recommended unit: fg.m-3,Valid,13.12.2018,CDFDN
4843,CDF2N (air+aerosol),CDF2N - recommended unit: fg.m-3,Valid,13.12.2018,CDF2N
4844,CDFDX (air+aerosol),CDFDX - recommended unit: fg.m-3,Valid,13.12.2018,CDFDX
4845,CDF6X (air+aerosol),CDF6X - recommended unit: fg.m-3,Valid,13.12.2018,CDF6X
4846,CDF9X (air+aerosol),CDF9X - recommended unit: fg.m-3,Valid,13.12.2018,CDF9X
4847,CDF4X (air+aerosol),CDF4X - recommended unit: fg.m-3,Valid,13.12.2018,CDF4X
4848,CDF6P (air+aerosol),CDF6P - recommended unit: fg.m-3,Valid,13.12.2018,CDF6P
4849,CDF9P (air+aerosol),CDF9P - recommended unit: fg.m-3,Valid,13.12.2018,CDF9P
4850,CDFO (air+aerosol),CDFO - recommended unit: fg.m-3,Valid,13.12.2018,CDFO
4851,CDFX1 (air+aerosol),CDFX1 - recommended unit: fg.m-3,Valid,13.12.2018,CDFX1
4852,CDFP2 (air+aerosol),CDFP2 - recommended unit: fg.m-3,Valid,13.12.2018,CDFP2
4861,PFBA (air+aerosol),PFBA - recommended unit: pg.m-3,Valid,13.12.2018,PFBA
4862,PFPeA (air+aerosol),PFPeA - recommended unit: pg.m-3,Valid,13.12.2018,PFPeA
4863,PFHxA (air+aerosol),PFHxA - recommended unit: pg.m-3,Valid,13.12.2018,PFHxA
4864,PFHpA (air+aerosol),PFHpA - recommended unit: pg.m-3,Valid,13.12.2018,PFHpA
4865,PFOA (air+aerosol),PFOA - recommended unit: pg.m-3,Valid,13.12.2018,PFOA
4866,c9 (air+aerosol),PFNA - recommended unit: pg.m-3,Valid,13.12.2018,PFNA
4867,PFDA (air+aerosol),PFDA - recommended unit: pg.m-3,Valid,13.12.2018,PFDA
4868,PFUnDA (air+aerosol),PFUnDA - recommended unit: pg.m-3,Valid,13.12.2018,PFUnDA
4871,PFBS (air+aerosol),PFBS - recommended unit: pg.m-3,Valid,13.12.2018,PFBS
4872,PFHxS (air+aerosol),PFHxS - recommended unit: pg.m-3,Valid,13.12.2018,PFHxS
4873,PFOSA (air+aerosol),PFOSA - recommended unit: pg.m-3,Valid,13.12.2018,PFOSA
4874,6:2-FTS (air+aerosol),6:2-FTS - recommended unit: pg.m-3,Valid,13.12.2018,6:2-FTS
4875,PFOS (air+aerosol),PFOS - recommended unit: pg.m-3,Valid,13.12.2018,PFOS
4876,PFDS (air+aerosol),PFDS - recommended unit: pg.m-3,Valid,13.12.2018,PFDS
4901,BDE47 (air+aerosol),BDE47 - recommended unit: pg.m-3,Valid,13.12.2018,BDE47
4902,BDE85 (air+aerosol),BDE85 - recommended unit: pg.m-3,Valid,13.12.2018,BDE85
4903,BDE99 (air+aerosol),BDE99 - recommended unit: pg.m-3,Valid,13.12.2018,BDE99
4904,BDE100 (air+aerosol),BDE100 - recommended unit: pg.m-3,Valid,13.12.2018,BDE100
4905,BDE153 (air+aerosol),BDE153 - recommended unit: pg.m-3,Valid,13.12.2018,BDE153
4906,BDE154 (air+aerosol),BDE154 - recommended unit: pg.m-3,Valid,13.12.2018,BDE154
4907,BDE209 (air+aerosol),BDE209 - recommended unit: pg.m-3,Valid,13.12.2018,BDE209
4908,SCCP (air+aerosol),SCCP - recommended unit: ng.m-3,Valid,13.12.2018,SCCP
4909,MCCP (air+aerosol),MCCP - recommended unit: ng.m-3,Valid,13.12.2018,MCCP
4910,HBCD (air+aerosol),HBCD - recommended unit: pg.m-3,Valid,13.12.2018,HBCD
4911,HBB (air+aerosol),HBB - recommended unit: pg.m-3,Valid,13.12.2018,HBB
4912,PBT (air+aerosol),PBT - recommended unit: pg.m-3,Valid,13.12.2018,PBT
4913,PBEB (air+aerosol),PBEB - recommended unit: pg.m-3,Valid,13.12.2018,PBEB
4914,α-DBE-DBCH (air+aerosol),α-DBE-DBCH - recommended unit: pg.m-3,Valid,13.12.2018,α-DBE-DBCH
4915,β-DBE-DBCH (air+aerosol),β-DBE-DBCH - recommended unit: pg.m-3,Valid,13.12.2018,β-DBE-DBCH
4916,BEH-TEBP (air+aerosol),BEH-TEBP - recommended unit: pg.m-3,Valid,13.12.2018,BEH-TEBP
4917,BTBPT (air+aerosol),BTBPT - recommended unit: pg.m-3,Valid,13.12.2018,BTBPT
4918,EH-TBB (air+aerosol),EH-TBB - recommended unit: pg.m-3,Valid,13.12.2018,EH-TBB
4919,Syn-DP (air+aerosol),Syn-DP - recommended unit:,Valid,13.12.2018,Syn-DP
4920,Anti-DP (air+aerosol),Anti-DP - recommended unit: pg.m-3,Valid,13.12.2018,Anti-DP
4921,DBDPE (air+aerosol),DBDPE - recommended unit: pg.m-3,Valid,13.12.2018,DBDPE
4922,TBP (air+aerosol),TBP - recommended unit: pg.m-3,Valid,13.12.2018,TBP
5012,Lead in PM10 (aerosol),Pb in PM10 - recommended unit: µg/m3,Valid,20.09.2013,Pb in PM10
5013,Mercury in PM10 (aerosol),Hg in PM10 - recommended unit: ng/m3,Valid,20.09.2013,Hg in PM10
5014,Cadmium in PM10 (aerosol),Cd in PM10 - recommended unit: ng/m3,Valid,20.09.2013,Cd in PM10
5015,Nickel in PM10 (aerosol),Ni in PM10 - recommended unit: ng/m3,Valid,20.09.2013,Ni in PM10
5016,Chromium in PM10 (aerosol),Cr in PM10 - recommended unit: ng/m3,Valid,20.09.2013,Cr in PM10
5017,Manganese in PM10 (aerosol),Mn in PM10 - recommended unit: ng/m3,Valid,20.09.2013,Mn in PM10
5018,Arsenic in PM10 (aerosol),As in PM10 - recommended unit: ng/m3,Valid,20.09.2013,As in PM10
5029,Benzo(a)pyrene in PM10 (aerosol),BaP in PM10 - recommended unit: ng/m3,Valid,20.09.2013,BaP in PM10
5045,Ammonium in PM10 (aerosol),NH4+ in PM10 - recommended unit: µg/m3,Valid,20.09.2013,NH4+ in PM10
5046,Nitrate in PM10 (aerosol),NO3- in PM10 - recommended unit: µg/m3,Valid,20.09.2013,NO3- in PM10
5047,sulphate in PM10 (aerosol),SO42- in PM10 - recommended unit: µg/m3,Valid,20.09.2013,SO42-  in PM10
5048,Selenium in PM10 (aerosol),Se in PM10 - recommended unit: ng/m3,Valid,20.09.2013,Se in PM10
5049,Vanedium in PM10 (aerosol),V in PM10 - recommended unit: ng/m3,Valid,20.09.2013,V in PM10
5060,Tin in PM10 (aerosol),Sn in PM10 - recommended unit: ug/m3,Valid,17.03.2016,Sn in PM10
5063,Zinc in PM10 (aerosol),Zn in PM10 - recommended unit: ng/m3,Valid,20.09.2013,Zn in PM10
5064,Cobalt in PM10 (aerosol),Co in PM10 - recommended unit: ng/m3,Valid,20.09.2013,Co in PM10
5065,Iron in PM10 (aerosol),Fe in PM10 - recommended unit: ng/m3,Valid,20.09.2013,Fe in PM10
5073,Copper in PM10 (aerosol),Cu in PM10 - recommended unit: ng/m3,Valid,20.09.2013,Cu in PM10
5129,Benzo(a)pyrene in PM10 (air+aerosol),BaP in PM10 - recommended unit: ng/m3,Valid,20.09.2013,BaP in PM10
5301,1-Methyl anthracene in PM10 …,1-Methyl anthracene in PM10 - recommended unit: ng/m3,Valid,31.07.2014,1-Methyl anthracene in PM10
5364,Anthanthrene in PM10 (aerosol),Anthanthrene in PM10 - recommended unit: ng/m3,Valid,31.07.2014,Anthanthrene in PM10
5380,"Benzo(b,j,k)fluoranthene in PM10 …","Benzo(b,j,k)fluorantheneInPM1 - recommended unit: ng/m3",Valid,20.09.2013,"Benzo(b,j,k)fluorantheneInPM1"
5381,Benzo(e)pyrene in PM10 (aerosol),Benzo(e)pyrene in PM10 - recommended unit: ng/m3,Valid,31.07.2014,Benzo(e)pyrene in PM10
5382,Benzo(k+j)fluoranthene in PM10 (aerosol),Benzo(k+j)fluoranthene in PM10 (aerosol) - recommended unit: ng/m3,Valid,22.04.2022,Benzo(k+j)fluoranthene in PM10
5406,Chrysene in PM10 (aerosol),Chrysene in PM10 - recommended unit: ng/m3,Valid,31.07.2014,Chrysene in PM10
5415,Coronene in PM10 (aerosol),Coronene in PM10 - recommended unit: ng/m3,Valid,31.07.2014,Coronene in PM10
5417,"Cyclopenta(c,d)pyrene in PM10 (aerosol)","Cyclopenta(c,d)pyrene in PM10 - recommended unit: ng/m3",Valid,31.07.2014,"Cyclopenta(c,d)pyrene in PM10"
5418,Dibenzo(ac+ah)anthracene in PM10 …,Dibenzo(ac+ah)anthracene in PM10 - recommended unit: ng/m3,Valid,10.12.2013,Dibenzo(ac+ah)anthracene in PM10
5419,Dibenzo(ah)anthracene in PM10 (aerosol),Dibenzo(ah)anthracene in PM10 - recommended unit: ng/m3,Valid,20.09.2013,Dibenzo(ah)anthracene in PM10
5480,"Benzo(b,j)fluoranthene in PM10 (aerosol)","Benzo(b,j)fluorantheneInPM10 - recommended unit: ng/m3",Valid,03.10.2013,"Benzo(b,j)fluorantheneinPM10"
5488,Perylene in PM10 (aerosol),Perylene in PM10 - recommended unit: ng/m3,Valid,31.07.2014,Perylene in PM10
5521,4.5-Methylene phenanthrene in PM10 …,4.5-Methylene phenanthrene in PM10 - recommended unit: ng/m3,Valid,31.07.2014,4.5-Methylene phenanthrene in PM10
5522,5-Methyl Chrysene in PM10 (aerosol),5-Methyl Chrysene in PM10 - recommended unit: ng/m3,Valid,31.07.2014,5-Methyl Chrysene in PM10
5523,9-Methyl anthracene in PM10 …,9-Methyl anthracene in PM10 - recommended unit: ng/m3,Valid,31.07.2014,9-Methyl anthracene in PM10
5524,"Benzo(b)naphtho(2,1-d)thiophene in PM10 …","Benzo(b)naphtho(2,1-d)thiophene in PM10 - recommended unit: ng/m3",Valid,31.07.2014,"Benzo(b)naphtho(2,1-d)thiophene in PM10"
5525,Benzo(c)phenanthrene in PM10 (aerosol),Benzo(c)phenanthrene in PM10 - recommended unit: ng/m3,Valid,31.07.2014,Benzo(c)phenanthrene in PM10
5526,Cholanthrene in PM10 (aerosol),Cholanthrene in PM10 - recommended unit: ng/m3,Valid,31.07.2014,Cholanthrene in PM10
5527,Dibenzo(ac)anthracene in PM10 (aerosol),Dibenzo(ac)anthracene in PM10 - recommended unit: ng/m3,Valid,31.07.2014,Dibenzo(ac)anthracene in PM10
5528,Dibenzo(al)pyrene in PM10 (aerosol),Dibenzo(al)pyrene in PM10 - recommended unit: ng/m3,Valid,31.07.2014,Dibenzo(al)pyrene in PM10
5580,Benzo(b+j)fluoranthene in PM10 …,Benzo(b+j)fluoranthene in PM10 - recommended unit: ng/m3,Valid,31.07.2014,Benzo(b+j)fluoranthene in PM10
5606,Anthracene in PM10 (aerosol),Anthracene in PM10 (aerosol)  - recommended unit: ng/m3,Valid,16.06.2016,Anthracene in PM10 (aerosol)
5609,Benzo(a)anthracene in PM10 (air+aerosol),Benzo(a)anthracene in PM10 - recommended unit: ng/m3,Valid,20.09.2013,Benzo(a)anthracene in PM10
5610,Benzo(a)anthracene in PM10 (aerosol),Benzo(a)anthracene in PM10 - recommended unit: ng/m3,Valid,20.09.2013,Benzo(a)anthracene in PM10
5616,Benzo(b)fluoranthene in PM10 …,Benzo(b)fluoranthene in PM10 - recommended unit: ng/m3,Valid,20.09.2013,Benzo(b)fluoranthene in PM10
5617,Benzo(b)fluoranthene in PM10 (aerosol),Benzo(b)fluoranthene in PM10 - recommended unit: ng/m3,Valid,20.09.2013,Benzo(b)fluoranthene in PM10
5622,5-Methyl Chrysene in PM10 (air+aerosol),5-Methyl Chrysene in PM10 - recommended unit: ng/m3,Valid,31.07.2014,5-Methyl Chrysene in PM10
5623,Benzo(ghi)perylene in PM10 (aerosol),Benzo(ghi)perylene in PM10 - recommended unit: ng/m3,Valid,31.07.2014,Benzo(ghi)perylene in PM10
5624,"Benzo(b)naphtho(2,1-d)thiophene in PM10 …","Benzo(b)naphtho(2,1-d)thiophene in PM10 - recommended unit: ng/m3",Valid,31.07.2014,"Benzo(b)naphtho(2,1-d)thiophene in PM10"
5625,Benzo(k)fluoranthene in PM10 …,Benzo(k)fluoranthene in PM10 - recommended unit: ng/m3,Valid,20.09.2013,Benzo(k)fluoranthene in PM10
5626,Benzo(k)fluoranthene in PM10 (aerosol),Benzo(k)fluoranthene in PM10 - recommended unit: ng/m3,Valid,20.09.2013,Benzo(k)fluoranthene in PM10
5627,Dibenzo(ac)anthracene in PM10 …,Dibenzo(ac)anthracene in PM10 - recommended unit: ng/m3,Valid,31.07.2014,Dibenzo(ac)anthracene in PM10
5628,Dibenzo(al)pyrene in PM10 (air+aerosol),Dibenzo(al)pyrene in PM10 - recommended unit: ng/m3,Valid,31.07.2014,Dibenzo(al)pyrene in PM10
5629,calcium in PM10 (aerosol),Ca2+ in PM10 - recommended unit: µg/m3,Valid,20.09.2013,Ca2+ in PM10
5631,chloride in PM10 (aerosol),Cl- in PM10 - recommended unit: µg/m3,Valid,20.09.2013,Cl- in PM10
5633,Dibenzo(ah+ac)anthracene in PM10 …,Dibenzo(ah+ac)anthracene in PM10 - recommended unit: ng/m3,Valid,31.07.2014,Dibenzo(ah+ac)anthracene in PM10
5636,Dibenzo(ae)pyrene in PM10 (aerosol),Dibenzo(ae)pyrene in PM10 - recommended unit: ng/m3,Valid,31.07.2014,Dibenzo(ae)pyrene in PM10
5637,Dibenzo(ah)pyrene in PM10 (aerosol),Dibenzo(ah)pyrene in PM10 - recommended unit: ng/m3,Valid,31.07.2014,Dibenzo(ah)pyrene in PM10
5639,Dibenzo(ai)pyrene in PM10 (aerosol),Dibenzo(ai)pyrene in PM10 - recommended unit: ng/m3,Valid,31.07.2014,Dibenzo(ai)pyrene in PM10
5643,Fluoranthene in PM10 (aerosol),Fluoranthene in PM10 (aerosol),Valid,16.06.2016,Fluoranthene in PM10 (aerosol)
5654,indeno_123cd_pyrene in PM10 …,"Indeno-(1,2,3-cd)pyrene in PM - recommended unit: ng/m3",Valid,20.09.2013,"Indeno-(1,2,3-cd)pyrene in PM"
5655,indeno_123cd_pyrene in PM10 (aerosol),"Indeno-(1,2,3-cd)pyrene in PM - recommended unit: ng/m3",Valid,20.09.2013,"Indeno-(1,2,3-cd)pyrene in PM"
5657,potassium in PM10 (aerosol),K+ in PM10 - recommended unit: µg/m3,Valid,20.09.2013,K+ in PM10
5659,magnesium in PM10 (aerosol),Mg2+ in PM10 - recommended unit: µg/m3,Valid,20.09.2013,Mg2+ in PM10
5668,sodium in PM10 (aerosol),Na+ in PM10 - recommended unit: µg/m3,Valid,20.09.2013,Na+  in PM10
5712,Phenanthrene in PM10 (aerosol),Phenanthrene in PM10 (aerosol)  - recommended unit: ng/m3,Valid,16.06.2016,Phenanthrene in PM10 (aerosol)
5715,Pyrene in PM10 (aerosol),Pyrene in PM10 (aerosol)  - recommended unit: ng/m3,Valid,16.06.2016,Pyrene in PM10 (aerosol)
5725,Benzo(c)phenanthrene in PM10 …,Benzo(c)phenanthrene in PM10 - recommended unit: ng/m3,Valid,31.07.2014,Benzo(c)phenanthrene in PM10
5733,Dibenzo(ah+ac)anthracene in PM10 …,Dibenzo(ah+ac)anthracene in PM10 - recommended unit: ng/m3,Valid,31.07.2014,Dibenzo(ah+ac)anthracene in PM10
5759,Benzo(j)fluoranthene in PM10 (aerosol),Benzo(j)fluoranthene in PM10 - recommended unit: ng/m3,Valid,20.09.2013,Benzo(j)fluoranthene in PM10
5762,Benzo(j)fluoranthene in PM10 …,Benzo(j)fluoranthene in PM10 - recommended unit: ng/m3,Valid,20.09.2013,Benzo(j)fluoranthene in PM10
5763,Dibenzo(ah)anthracene in PM10 …,Dibenzo(ah)anthracene in PM10 - recommended unit: ng/m3,Valid,20.09.2013,Dibenzo(ah)anthracene in PM10
5771,Elemental carbon in PM10 (aerosol),EC in PM10 - recommended unit: µg/m3,Valid,20.09.2013,EC in PM10
5772,Organic carbon in PM10 (aerosol),OC in PM10 - recommended unit: µg/m3,Valid,20.09.2013,OC in PM10
6001,Particulate matter < 2.5 µm (aerosol),PM2.5 - recommended unit: µg/m3,Valid,20.09.2013,PM2.5
6002,Particulate matter < 1 µm (aerosol),PM1 - recommended unit: µg/m3,Valid,20.09.2013,PM1
6003,Ultra Fine Particles (UFPs) -  …,"Ultra Fine Particles (UFPs) means particles with a diameter less than or equal to 100 nanometers (10^-9 m), where UFP are measured as the particle number concentrations per cubic centimetre for a size range with a lower limit of 10 nm and for a size range with no restriction on the upper limit",Valid,24.03.2022,UFPs
6005,1-Butene (air),H2C=CH-CH2-CH3 - recommended unit: µg/m3,Valid,20.09.2013,H2C=CH-CH2-CH3
6006,trans-2-Butene (air),trans-H3C-CH=CH-CH3 - recommended unit: µg/m3,Valid,20.09.2013,trans-H3C-CH=CH-CH3
6007,cis-2-Butene (air),cis-H3C-CH=CH-CH3 - recommended unit: µg/m3,Valid,20.09.2013,cis-H3C-CH=CH-CH3
6008,1-Pentene (air),H2C=CH-CH2-CH2-CH3 - recommended unit: µg/m3,Valid,20.09.2013,H2C=CH-CH2-CH2-CH3
6009,2-Pentene (air),H3C-HC=CH-CH2-CH3 - recommended unit: µg/m3,Valid,20.09.2013,H3C-HC=CH-CH2-CH3
6011,"1,2,4-Trimethylbenzene (air)","1,2,4-C6H3(CH3)3 - recommended unit: µg/m3",Valid,20.09.2013,"1,2,4-C6H3(CH3)3"
6012,"1,2,3-Trimethylbenzene (air)","1,2,3-C6H3(CH3)3 - recommended unit: µg/m3",Valid,20.09.2013,"1,2,3-C6H3(CH3)3"
6013,"1,3,5-Trimethylbenzene (air)","1,3,5-C6H3(CH3)3 - recommended unit: µg/m3",Valid,20.09.2013,"1,3,5-C6H3(CH3)3"
6015,Benzo(a)pyrene (air+aerosol),BaP - recommended unit: ng/m3,Valid,20.09.2013,BaP
6016,1-Hexene (air),C6H12 - recommended unit: µg/m3,Valid,29.03.2016,C6H12
6017,Butyl acetate (air),Butyl acetate (air) - C6H12O2 - recommended unit: µg/m3,Valid,27.03.2020,C6H12O2
6023,Ultra Fine Particles (UFPs) with a lower …,"Ultra Fine Particles (UFPs) means particles with a diameter less than or equal to 100 nanometers (10^-9 m), where UFP are measured as the particle number concentrations per cubic centimetre for a size range with a lower limit of 3 nm and for a size range with no restriction on the upper limit - PLEASE USE /6003 FOR REPORTING UFP ACCORDING TO RECAST EU 2024/2881",Valid,26.05.2025,UFPs >3nm
6024,Ultra Fine Particles (UFPs) with a lower …,"Ultra Fine Particles (UFPs) means particles with a diameter less than or equal to 100 nanometers (10^-9 m), where UFP are measured as the particle number concentrations per cubic centimetre for a size range with a lower limit of 4 nm and for a size range with no restriction on the upper limit - PLEASE USE /6003 FOR REPORTING UFP ACCORDING TO RECAST EU 2024/2881",Valid,26.05.2025,UFPs >4nm
6027,Ultra Fine Particles (UFPs) with a lower …,"Ultra Fine Particles (UFPs) means particles with a diameter less than or equal to 100 nanometers (10^-9 m), where UFP are measured as the particle number concentrations per cubic centimetre for a size range with a lower limit of 7 nm and for a size range with no restriction on the upper limit - PLEASE USE /6003 FOR REPORTING UFP ACCORDING TO RECAST EU 2024/2881",Valid,26.05.2025,UFPs >7nm
6380,"Benzo(b,j,k)fluoranthene in PM10 …","Benzo(b,j,k)fluorantheneInPM1 - recommended unit: ng/m3",Valid,20.09.2013,"Benzo(b,j,k)fluorantheneInPM1"
6382,Benzo(k+j)fluoranthene in PM10 …,Benzo(k+j)fluoranthene in PM10 - recommended unit: ng/m3,Valid,22.04.2022,Benzo(k+j)fluoranthene
6400,Volatile PM10,The volatile fraction of PM10 - recommended units ug/m3,Valid,11.08.2015,VPM10
6401,Non-volatile PM10,The non-volatile fraction of a PM10 measurement - recommended units ug/m3,Valid,11.08.2015,NVPM10
6410,Volatile PM2.5,The volatile fraction of a PM2.5 measurememt - recommended units ug/m3,Valid,11.08.2015,VPM2.5
6411,Non-volatile PM2.5,The non-volatile fraction of a PM2.5 measurement - recommended units ug/m3,Valid,11.08.2015,NVPM2.5
6420,Volatile PM1,The volitile fraction of a PM1 measurement - recommended units ug/m3,Valid,11.08.2015,VPM1
6421,Non-volatile PM1,The non-volatile fraction of a PM1 measurement - recommended units ug/m3,Valid,11.08.2015,NVPM1
7012,Lead (precip+dry_dep),Pb - recommended unit: µg/m2/day,Valid,20.09.2013,Pb
7013,Mercury (precip+dry_dep),Hg - recommended unit: µg/m2/day,Valid,20.09.2013,Hg
7014,Cadmium (precip+dry_dep),Cd - recommended unit: µg/m2/day,Valid,20.09.2013,Cd
7015,Nickel (precip+dry_dep),Ni - recommended unit: µg/m2/day,Valid,20.09.2013,Ni
7016,Chromium (precip+dry_dep),Cr - recommended unit: µg/m2/day,Valid,29.03.2016,Cr
7018,Arsenic (precip+dry_dep),As - recommended unit: µg/m2/day,Valid,20.09.2013,As
7029,Benzo(a)pyrene (precip+dry_dep),BaP - recommended unit: µg/m2/day,Valid,20.09.2013,BaP
7063,Zinc (precip+dry_dep),Zn - recommended unit: µg/m2/day,Valid,29.03.2016,Zn
7073,Cooper (precip+dry_dep),Cu - recommended unit: µg/m2/day,Valid,17.03.2016,Cu
7301,1-Methyl anthracene (precip+dry_dep),1-Methyl anthracene - recommended unit: µg/m2/day,Valid,31.07.2014,1-Methyl anthracene
7309,1-Methyl Naphthalene (precip+dry_dep),1-Methyl Naphthalene - recommended unit: µg/m2/day,Valid,31.07.2014,1-Methyl Naphthalene
7310,1-Methyl phenanthrene (precip+dry_dep),1-Methyl phenanthrene - recommended unit: µg/m2/day,Valid,31.07.2014,1-Methyl phenanthrene
7313,2-Methyl anthracene (precip+dry_dep),2-Methyl anthracene - recommended unit: µg/m2/day,Valid,31.07.2014,2-Methyl anthracene
7315,2-Methyl Naphthalene (precip+dry_dep),2-Methyl Naphthalene - recommended unit: µg/m2/day,Valid,31.07.2014,2-Methyl Naphthalene
7317,2-Methyl phenanthrene (precip+dry_dep),2-Methyl phenanthrene - recommended unit: µg/m2/day,Valid,31.07.2014,2-Methyl phenanthrene
7351,Acenaphthene (precip+dry_dep),Acenaphthene - recommended unit: µg/m2/day,Valid,31.07.2014,Acenaphthene
7352,Acenaphthylene (precip+dry_dep),Acenaphthylene - recommended unit: µg/m2/day,Valid,31.07.2014,Acenaphthylene
7364,Anthanthrene (precip+dry_dep),Anthanthrene - recommended unit: µg/m2/day,Valid,31.07.2014,Anthanthrene
7380,"Benzo(b,j,k)fluoranthene …","Benzo(b,j,k)fluoranthene - recommended unit: µg/m2/day",Valid,20.09.2013,"Benzo(b,j,k)fluoranthene"
7381,Benzo(e)pyrene (precip+dry_dep),Benzo(e)pyrene - recommended unit: µg/m2/day,Valid,31.07.2014,Benzo(e)pyrene
7382,Benzo(k+j)fluoranthene (precip+dry_dep),Benzo(k+j)fluoranthene  - recommended unit: µg/m2/day,Valid,22.04.2022,Benzo(k+j)fluoranthene
7390,Biphenyl (precip+dry_dep),Biphenyl - recommended unit: µg/m2/day,Valid,31.07.2014,Biphenyl
7406,Chrysene (precip+dry_dep),Chrysene - recommended unit: µg/m2/day,Valid,31.07.2014,Chrysene
7407,chrysene_triphenylene (precip+dry_dep),Chrysene + Triphenylene - recommended unit: µg/m2/day,Valid,20.09.2013,Chrysene + Triphenylene
7415,Coronene (precip+dry_dep),Coronene - recommended unit: µg/m2/day,Valid,31.07.2014,Coronene
7417,"Cyclopenta(c,d)pyrene","Cyclopenta(c,d)pyrene - recommended unit: µg/m2/day",Valid,31.07.2014,"Cyclopenta(c,d)pyrene"
7418,Dibenzo(ac+ah)anthracenes …,Dibenzo(ac+ah)anthracenes - recommended unit: µg/m2/day,Valid,30.07.2014,Dibenzo(ah+ac)anthracene
7419,Dibenzo(ah)anthracene (precip+dry_dep),Dibenzo(ah)anthracene - recommended unit: µg/m2/day,Valid,20.09.2013,Dibenzo(ah)anthracene
7435,Fluorene (precip+dry_dep),Fluorene - recommended unit: µg/m2/day,Valid,31.07.2014,Fluorene
7465,Naphthalene (precip+dry_dep),Naphthalene - recommended unit: µg/m2/day,Valid,31.07.2014,Naphthalene
7480,"Benzo(b,j)fluoranthene (precip+dry_dep)","Benzo(b,j)fluoranthene - recommended unit: µg/m2/day",Valid,30.07.2014,Benzo(b+j)fluoranthene
7488,Perylene (precip+dry_dep),Perylene - recommended unit: µg/m2/day,Valid,31.07.2014,Perylene
7521,4.5-Methylene phenanthrene …,4.5-Methylene phenanthrene - recommended unit: µg/m2/day,Valid,31.07.2014,4.5-Methylene phenanthrene
7522,5-Methyl Chrysene (precip+dry_dep),5-Methyl Chrysene - recommended unit: µg/m2/day,Valid,31.07.2014,5-Methyl Chrysene
7523,9-Methyl anthracene (precip+dry_dep),9-Methyl anthracene - recommended unit: µg/m2/day,Valid,31.07.2014,9-Methyl anthracene
7524,"Benzo(b)naphtho(2,1-d)thiophene …","Benzo(b)naphtho(2,1-d)thiophene - recommended unit: µg/m2/day",Valid,31.07.2014,"Benzo(b)naphtho(2,1-d)thiophene"
7525,Benzo(c)phenanthrene (precip+dry_dep),Benzo(c)phenanthrene - recommended unit: µg/m2/day,Valid,31.07.2014,Benzo(c)phenanthrene
7526,Cholanthrene (precip+dry_dep),Cholanthrene - recommended unit: µg/m2/day,Valid,31.07.2014,Cholanthrene
7527,Dibenzo(ac)anthracene (precip+dry_dep),Dibenzo(ac)anthracene - recommended unit: µg/m2/day,Valid,31.07.2014,Dibenzo(ac)anthracene
7528,Dibenzo(al)pyrene (precip+dry_dep),Dibenzo(al)pyrene - recommended unit: µg/m2/day,Valid,31.07.2014,Dibenzo(al)pyrene
7636,Dibenzo(ae)pyrene (precip+dry_dep),Dibenzo(ae)pyrene - recommended unit: µg/m2/day,Valid,31.07.2014,Dibenzo(ae)pyrene
7637,Dibenzo(ah)pyrene (precip+dry_dep),Dibenzo(ah)pyrene - recommended unit: µg/m2/day,Valid,31.07.2014,Dibenzo(ah)pyrene
7639,Dibenzo(ai)pyrene (precip+dry_dep),Dibenzo(ai)pyrene - recommended unit: µg/m2/day,Valid,31.07.2014,Dibenzo(ai)pyrene
7640,Dieldrin (precip+dry_dep),Dieldrin - recommended unit: ng.m-2.day-1,Valid,13.12.2018,Dieldrin
7734,cis-CD (precip+dry_dep),cis-CD - recommended unit: ng.m-2.day-1,Valid,13.12.2018,cis-CD
7750,"p,p'-DDD (precip+dry_dep)","p,p'-DDD - recommended unit: ng.m-2.day-1",Valid,13.12.2018,"p,p'-DDD"
7751,"p,p'-DDE (precip+dry_dep)","p,p'-DDE - recommended unit: ng.m-2.day-1",Valid,13.12.2018,"p,p'-DDE"
7752,"p,p'-DDT (precip+dry_dep)","p,p'-DDT - recommended unit: ng.m-2.day-1",Valid,13.12.2018,"p,p'-DDT"
7755,trans-CD (precip+dry_dep),trans-CD - recommended unit: ng.m-2.day-1,Valid,13.12.2018,trans-CD
7757,trans-NO (precip+dry_dep),trans-NO - recommended unit: ng.m-2.day-1,Valid,13.12.2018,trans-NO
7773,alpha-Endosulfan (precip+dry_dep),alpha-Endosulfan - recommended unit: ng.m-2.day-1,Valid,13.12.2018,alpha-Endosulfan
7774,beta-Endosulfan (precip+dry_dep),beta-Endosulfan - recommended unit: ng.m-2.day-1,Valid,13.12.2018,beta-Endosulfan
7775,Endosulfan sulfate (precip+dry_dep),Endosulfan sulfate - recommended unit: ng.m-2.day-1,Valid,13.12.2018,Endosulfan sulfate
7776,DCMU (precip+dry_dep),DCMU - recommended unit: ng.m-2.day-1,Valid,13.12.2018,DCMU
7777,Atrazine (precip+dry_dep),Atrazine - recommended unit: ng.m-2.day-1,Valid,13.12.2018,Atrazine
7778,Isoproturon (precip+dry_dep),Isoproturon - recommended unit: ng.m-2.day-1,Valid,13.12.2018,Isoproturon
7779,Heptachlor (precip+dry_dep),Heptachlor - recommended unit: ng.m-2.day-1,Valid,13.12.2018,Heptachlor
7780,Aldrin (precip+dry_dep),Aldrin - recommended unit: ng.m-2.day-1,Valid,13.12.2018,Aldrin
7781,HCB (precip+dry_dep),HCB - recommended unit: ng.m-2.day-1,Valid,13.12.2018,HCB
7821,TCDD (precip+dry_dep),TCDD - recommended unit: pg.m-2.day-1,Valid,13.12.2018,TCDD
7822,CDD1N (precip+dry_dep),CDD1N - recommended unit: pg.m-2.day-1,Valid,13.12.2018,CDD1N
7823,CDD4X (precip+dry_dep),CDD4X - recommended unit: pg.m-2.day-1,Valid,13.12.2018,CDD4X
7824,CDD6X (precip+dry_dep),CDD6X - recommended unit: pg.m-2.day-1,Valid,13.12.2018,CDD6X
7825,CDD9X (precip+dry_dep),CDD9X - recommended unit: pg.m-2.day-1,Valid,13.12.2018,CDD9X
7826,CDD6P (precip+dry_dep),CDD6P - recommended unit: pg.m-2.day-1,Valid,13.12.2018,CDD6P
7827,CDDO (precip+dry_dep),CDDO - recommended unit: pg.m-2.day-1,Valid,13.12.2018,CDDO
7841,CDF2T (precip+dry_dep),CDF2T - recommended unit: pg.m-2.day-1,Valid,13.12.2018,CDF2T
7842,CDFDN (precip+dry_dep),CDFDN - recommended unit: pg.m-2.day-1,Valid,13.12.2018,CDFDN
7843,CDF2N (precip+dry_dep),CDF2N - recommended unit: pg.m-2.day-1,Valid,13.12.2018,CDF2N
7844,CDFDX (precip+dry_dep),CDFDX - recommended unit: pg.m-2.day-1,Valid,13.12.2018,CDFDX
7845,CDF6X (precip+dry_dep),CDF6X - recommended unit: pg.m-2.day-1,Valid,13.12.2018,CDF6X
7846,CDF9X (precip+dry_dep),CDF9X - recommended unit: pg.m-2.day-1,Valid,13.12.2018,CDF9X
7847,CDF4X (precip+dry_dep),CDF4X - recommended unit: pg.m-2.day-1,Valid,13.12.2018,CDF4X
7848,CDF6P (precip+dry_dep),CDF6P - recommended unit: pg.m-2.day-1,Valid,13.12.2018,CDF6P
7849,CDF9P (precip+dry_dep),CDF9P - recommended unit: pg.m-2.day-1,Valid,13.12.2018,CDF9P
7850,CDFO (precip+dry_dep),CDFO - recommended unit: pg.m-2.day-1,Valid,13.12.2018,CDFO
7851,CDFX1 (precip+dry_dep),CDFX1 - recommended unit: pg.m-2.day-1,Valid,13.12.2018,CDFX1
7852,CDFP2 (precip+dry_dep),CDFP2 - recommended unit: pg.m-2.day-1,Valid,13.12.2018,CDFP2
7901,BDE47 (precip+dry_dep),BDE47 - recommended unit: ng.m-2.day-1,Valid,13.12.2018,BDE47
7902,BDE85 (precip+dry_dep),BDE85 - recommended unit: ng.m-2.day-1,Valid,13.12.2018,BDE85
7903,BDE99 (precip+dry_dep),BDE99 - recommended unit: ng.m-2.day-1,Valid,13.12.2018,BDE99
7904,BDE100 (precip+dry_dep),BDE100 - recommended unit: ng.m-2.day-1,Valid,13.12.2018,BDE100
7905,BDE153 (precip+dry_dep),BDE153 - recommended unit: ng.m-2.day-1,Valid,13.12.2018,BDE153
7906,BDE154 (precip+dry_dep),BDE154 - recommended unit: ng.m-2.day-1,Valid,13.12.2018,BDE154
7907,BDE209 (precip+dry_dep),BDE209 - recommended unit: ng.m-2.day-1,Valid,13.12.2018,BDE209
7908,SCCP (precip+dry_dep),SCCP - recommended unit: ng.m-2.day-1,Valid,13.12.2018,SCCP
7909,MCCP (precip+dry_dep),MCCP - recommended unit: ng.m-2.day-1,Valid,13.12.2018,MCCP
7910,HBCD (precip+dry_dep),HBCD - recommended unit: ng.m-2.day-1,Valid,13.12.2018,HBCD
