code_commune_insee,nom_commune_complet,zas
02530,Moulins,ZAR MOULINS
03013,Avermes,ZAR MOULINS
03025,Bessay-sur-Allier,ZAR MOULINS
03190,Moulins,ZAR MOULINS
03286,Toulon-sur-Allier,ZAR MOULINS
03290,Trévol,ZAR MOULINS
03316,Villeneuve-sur-Allier,ZAR MOULINS
03321,Yzeure,ZAR MOULINS
35198,Moulins,ZAR MOULINS
28085,Chartres,ZAR CHARTRES-DREUX
28134,Dreux,ZAR CHARTRES-DREUX
28218,Lucé,ZAR CHARTRES-DREUX
28280,Nogent-le-Rotrou,ZAR CHARTRES-DREUX
76026,Arques-la-Bataille,ZAR DIEPPE
76217,Dieppe,ZAR DIEPPE
76217,Dieppe,ZAR DIEPPE
76217,Dieppe,ZAR DIEPPE
76540,Rouen,ZAR DIEPPE
76540,Rouen,ZAR DIEPPE
76565,Saint-Aubin-sur-Scie,ZAR DIEPPE
24493,Saint-Raphaël,ZAR FREJUS-DRAGUIGNAN
83050,Draguignan,ZAR FREJUS-DRAGUIGNAN
83061,Fréjus,ZAR FREJUS-DRAGUIGNAN
83061,Fréjus,ZAR FREJUS-DRAGUIGNAN
83107,Roquebrune-sur-Argens,ZAR FREJUS-DRAGUIGNAN
83107,Roquebrune-sur-Argens,ZAR FREJUS-DRAGUIGNAN
83118,Saint-Raphaël,ZAR FREJUS-DRAGUIGNAN
83118,Saint-Raphaël,ZAR FREJUS-DRAGUIGNAN
83118,Saint-Raphaël,ZAR FREJUS-DRAGUIGNAN
83118,Saint-Raphaël,ZAR FREJUS-DRAGUIGNAN
83118,Saint-Raphaël,ZAR FREJUS-DRAGUIGNAN
83118,Saint-Raphaël,ZAR FREJUS-DRAGUIGNAN
79003,Aiffres,ZAR NIORT
79081,Chauray,ZAR NIORT
79162,Magné,ZAR NIORT
79191,Niort,ZAR NIORT
79191,Niort,ZAR NIORT
79191,Niort,ZAR NIORT
79191,Niort,ZAR NIORT
79191,Niort,ZAR NIORT
86141,Magné,ZAR NIORT
04174,Saint-Benoît,ZAR POITIERS
11333,Saint-Benoît,ZAR POITIERS
21123,Buxerolles,ZAR POITIERS
86041,Buxerolles,ZAR POITIERS
86062,Chasseneuil-du-Poitou,ZAR POITIERS
86194,Poitiers,ZAR POITIERS
86214,Saint-Benoît,ZAR POITIERS
